user,"avg_dur","std_dur","avg_bytes","std_bytes"
amurphy,"8941.53494623656","7238.857779707479",,
bcontreras,"8571.875949367088","6204.02272210995",,
dlee,"9474.755667506297","7518.744564540419",,
jgarcia,"8463.944174757282","7323.402865670672",,
swilliams,"8651.358490566037","5561.14729957687",,
